ID,date,product,amount,quantity,currency
8a08f277-57cb-4a3e-9224-a33a8b44a9b8,2021-02-01,iPhone,118482.46,881,USD
16037878-c3e1-411e-8809-e604e98f3dc7,2021-02-01,MacBook,82860.11,216,USD
74d5cdbc-c91f-40c6-be5a-9606240c3fbe,2021-02-01,iPad,63438.16,342,USD
534c09f5-7d53-4e9a-9baa-3c6cc0007088,2021-02-01,AirPods,29733.84,696,USD
18d2d84e-64c9-4c46-b567-b5857220d3fe,2021-02-01,Apple Watch,23842.00,396,USD
bb3ec574-6d6e-4924-bd57-2b9af912e2cf,2021-03-01,iPhone,120787.06,912,USD
a8898ca3-f79f-46e8-844a-14a8d75a1dc6,2021-03-01,MacBook,84096.10,214,USD
a1f8cf6a-48e4-4b3b-9ee3-a488bc769aea,2021-03-01,iPad,64576.99,347,USD
9afdef5d-6eda-4e8b-83a6-dc01961d049f,2021-03-01,AirPods,29384.10,687,USD
08d1e844-dfc1-4a75-9a56-0a28fbe960f1,2021-03-01,Apple Watch,25337.60,422,USD
4b3625a8-9bf0-4de7-a585-c89c4f619d91,2021-04-01,iPhone,125865.15,959,USD
3454907c-2e39-41c8-94ac-38a31a9ef6ab,2021-04-01,MacBook,89055.46,234,USD
c3a4cdf7-0239-498f-9167-2842d6eb8e28,2021-04-01,iPad,66989.40,360,USD
92ad8864-cf7e-409a-a747-bbe0666a818f,2021-04-01,AirPods,30072.20,691,USD
07a7c48f-6b27-4e0a-9fff-b72582fad251,2021-04-01,Apple Watch,25712.17,434,USD
091595e0-8e04-4719-923b-f49b81441347,2021-05-01,iPhone,124543.75,928,USD
a0413e8c-1645-401d-a5f1-2212b43097bf,2021-05-01,MacBook,85647.66,222,USD
9b83f3be-50fb-4af4-af8a-d5eef20e16e5,2021-05-01,iPad,65987.79,358,USD
60967ea5-7c94-407d-9c21-10470fcebde1,2021-05-01,AirPods,30380.49,722,USD
2538183f-dd34-48d6-9448-b8197fd3c690,2021-05-01,Apple Watch,26105.64,430,USD
931d9ca6-663c-4f91-a0db-70e3520914a4,2021-06-01,iPhone,118692.94,887,USD
cb4fcfce-338d-4e0b-b5d4-dd597df3d5b1,2021-06-01,MacBook,87964.60,227,USD
4456bb83-0481-4aae-b250-257b5bf8a102,2021-06-01,iPad,64554.25,345,USD
3157ea66-cb87-4e58-84c0-efad17e7d9ba,2021-06-01,AirPods,30363.70,718,USD
5d4eb05e-d26d-4041-a797-ed2eed86ef8d,2021-06-01,Apple Watch,25699.75,425,USD
6725f7dc-bcd1-459e-89ab-cb0c2504ce79,2021-07-01,iPhone,119997.74,917,USD
2d2cf082-0b82-4052-8cee-158575eed090,2021-07-01,MacBook,85610.33,222,USD
a9f5a308-6563-473a-9681-e2cee4b4be8d,2021-07-01,iPad,66135.15,352,USD
743b858f-a62c-49ca-a2d0-4491cffdb45f,2021-07-01,AirPods,30080.53,698,USD
86668e94-a307-478a-abfc-80e982d59798,2021-07-01,Apple Watch,25288.62,427,USD
aa41a5f2-7285-41ed-8508-ccc4bc20b907,2021-08-01,iPhone,121565.63,899,USD
55de15b8-5472-40d2-b128-1ceef546638b,2021-08-01,MacBook,86637.41,225,USD
d08a7979-75a0-45fc-bc3c-78f725fea9d2,2021-08-01,iPad,68161.18,369,USD
31e51e6c-d316-4ae7-b108-ff3c9acc5b04,2021-08-01,AirPods,31382.78,744,USD
b14753f2-eb1f-40ad-9be9-2ceef7a6c98f,2021-08-01,Apple Watch,26238.27,437,USD
2990db1c-11c5-4744-8c61-d80ceec34257,2021-09-01,iPhone,121780.57,920,USD
6aeae3d9-fb2f-497b-83f5-44ba9edcfc96,2021-09-01,MacBook,87645.33,230,USD
e19e7e3f-82ea-4af3-be4d-ebb93f2a4b3b,2021-09-01,iPad,67499.26,367,USD
5ab9a1bf-0df5-4d35-9fa8-a99f9931ae46,2021-09-01,AirPods,31296.41,735,USD
185a7579-9ee7-4fb3-9705-dd8744dd55f5,2021-09-01,Apple Watch,26389.34,441,USD
09dec702-df64-4412-9a53-28317980f141,2021-10-01,iPhone,128204.58,971,USD
ab02f1e3-e4c4-4347-b943-5dc65bc5ef12,2021-10-01,MacBook,90102.28,238,USD
9142abb8-090d-4783-91b6-efd9994cf616,2021-10-01,iPad,68809.97,372,USD
987a7db7-da5c-4951-869a-31db5c29c4c8,2021-10-01,AirPods,32171.20,757,USD
328022e0-aa42-4fb9-a1eb-46eb2a9bb777,2021-10-01,Apple Watch,27233.93,459,USD
877b4a3d-573a-467f-8fe1-7e5bc5b3a9b2,2021-11-01,iPhone,140517.69,1070,USD
2406b78c-7c7d-42f9-8d47-a80c54c45f6e,2021-11-01,MacBook,101633.73,264,USD
3c43071c-8fe8-4cf7-a0ec-7c9ca0b2e6b1,2021-11-01,iPad,76334.10,411,USD
4bbb7d64-b513-4293-964a-77b862e3c673,2021-11-01,AirPods,35966.18,832,USD
41541f3c-1cbc-4c6d-8fba-a0c811908040,2021-11-01,Apple Watch,29764.68,501,USD
ef35370a-0c1b-4427-aeb7-008829bb5470,2021-12-01,iPhone,135063.83,1002,USD
fc4090c6-8f26-461c-931f-5b025fed5ea8,2021-12-01,MacBook,92747.74,240,USD
21685049-d49f-4ed3-a43c-1972985ee54c,2021-12-01,iPad,72633.55,393,USD
5c8ceed3-bbff-453b-9727-3a13c5fdc6eb,2021-12-01,AirPods,32340.37,758,USD
3bdde93e-c0a7-4a4a-829c-bc7cc9978ea4,2021-12-01,Apple Watch,26795.32,451,USD
bcb508a3-e97f-45cf-8fa3-1481d841df51,2022-01-01,iPhone,114103.25,870,USD
3f8ef9cb-5279-40b2-a848-891ed2b0183a,2022-01-01,MacBook,83580.53,214,USD
3baee8e5-5328-43fe-b565-35ec9e873486,2022-01-01,iPad,63635.42,342,USD
2a9d9f74-b736-4338-bd1e-6cc7c13f8d58,2022-01-01,AirPods,29201.40,670,USD
f838813d-d64d-4c68-aa68-615a6f3d3ec2,2022-01-01,Apple Watch,24120.50,400,USD
ec6efd73-5563-4625-b87f-2223e08043de,2022-02-01,iPhone,119981.99,915,USD
1af92d69-3a79-402f-bdb8-e75225011312,2022-02-01,MacBook,87409.17,223,USD
ddc0666c-9573-403d-bfdb-d1d22e857fb3,2022-02-01,iPad,65705.24,360,USD
ff661560-0c1a-4ca3-b33c-2998f2a51b1d,2022-02-01,AirPods,30568.52,723,USD
ba34c193-2db2-4f92-91bb-38affb18c89b,2022-02-01,Apple Watch,25599.48,426,USD
abcd0dfb-211f-41ae-87ff-ed05cbf4444a,2022-03-01,iPhone,127413.33,969,USD
3379ab5a-e9e7-4728-84a1-579baf5c4548,2022-03-01,MacBook,91795.57,240,USD
4afcfdcc-8be3-47ab-8759-3c450c4f34db,2022-03-01,iPad,70573.99,375,USD
4c514cf6-32b0-4f36-ad91-c5b23e977825,2022-03-01,AirPods,31619.08,725,USD
45cbd6ab-1eb1-40e5-8241-a3cb5b6d5f2a,2022-03-01,Apple Watch,27138.64,448,USD
0a66e0b1-fe71-4b8e-a3bd-4a66451c4076,2022-04-01,iPhone,129549.19,955,USD
466acc7f-ee1a-448b-b496-549c5e257300,2022-04-01,MacBook,89555.14,232,USD
fdf5b81b-16ed-4979-b94f-afde655b6451,2022-04-01,iPad,68723.07,363,USD
91520633-ba2b-46a8-aa2f-f82760c5f4ae,2022-04-01,AirPods,32768.52,772,USD
dcbef3c8-5f44-41a4-aca4-2e2ee46d0e43,2022-04-01,Apple Watch,27086.74,448,USD
b7e8f8c0-a25b-439b-b79e-34b219aa2733,2022-05-01,iPhone,133694.69,989,USD
9bfa4b73-b95c-4e9d-8d7e-5f580bdd73a2,2022-05-01,MacBook,90903.57,238,USD
7e1b36df-1ee4-43dc-837b-da09086ff5ac,2022-05-01,iPad,73234.57,390,USD
a71d1e87-8f90-48e8-bf8d-e9a04451b046,2022-05-01,AirPods,32896.68,765,USD
7f83f6e9-246c-49f7-b14f-aa58b4cfbd26,2022-05-01,Apple Watch,27821.76,470,USD
eb426beb-4b68-4e4f-b623-bfe552d16a7f,2022-06-01,iPhone,125722.74,928,USD
dfd4313c-eec2-40e1-a914-f29da3e1e63b,2022-06-01,MacBook,93549.95,244,USD
4387279e-0c7b-4bda-af81-102db40d1dcd,2022-06-01,iPad,68615.49,370,USD
d916759e-6dfc-467d-8cab-d12d310dd72e,2022-06-01,AirPods,31574.46,735,USD
dca2fbdf-825b-4240-9429-c47312af69b1,2022-06-01,Apple Watch,27520.25,470,USD
4c85346b-8000-447c-b81a-8904fb343b61,2022-07-01,iPhone,124623.81,947,USD
e67b7dca-eef9-481f-aa2b-cb7948b35d64,2022-07-01,MacBook,90213.58,233,USD
f9c42c08-e44f-47f1-ad8d-d1a5c4be4766,2022-07-01,iPad,70090.35,377,USD
1b8a228b-a38f-4e17-b880-259a77f6adae,2022-07-01,AirPods,32424.14,770,USD
854ae92c-86a3-4b42-a3a2-76955fe32579,2022-07-01,Apple Watch,27153.54,453,USD
6686f977-251f-4c33-876a-1b6785680aab,2022-08-01,iPhone,127774.94,940,USD
3fb0393a-472e-49d9-b4e7-d9d6fa79b24e,2022-08-01,MacBook,92855.32,240,USD
fed432db-537a-456c-abaa-345836eb5b79,2022-08-01,iPad,72346.86,394,USD
8a462036-ca0d-4c38-aaf0-070e856b80fb,2022-08-01,AirPods,31527.01,743,USD
a6ecab3f-be1c-4693-ad91-ebd008ace63f,2022-08-01,Apple Watch,27300.62,451,USD
cb60c0a0-0667-4831-95ce-bad38e16044a,2022-09-01,iPhone,135579.21,1002,USD
c88f9786-37c4-4a5c-a1fc-3902e84d8ae8,2022-09-01,MacBook,96064.24,244,USD
1353c7ca-b41f-438b-af11-9645ac098340,2022-09-01,iPad,70659.47,385,USD
60f5fac9-121c-477a-83ca-18eeb6828114,2022-09-01,AirPods,33421.55,781,USD
a8112f9e-3f89-4056-ad05-177654cb1c12,2022-09-01,Apple Watch,28026.44,465,USD
b4b1427b-c1e4-4e6a-a18a-a6ad96d9611a,2022-10-01,iPhone,135500.41,1014,USD
e949f238-02bd-4b47-93d5-f3eb95de7c38,2022-10-01,MacBook,95197.00,244,USD
0836e600-341f-43cd-a812-7a69c0917cb5,2022-10-01,iPad,73913.29,391,USD
b67f737a-955c-48a8-9ca6-2b2b9177ebd7,2022-10-01,AirPods,34063.07,798,USD
11aaf373-f482-4d7f-b222-e433d9404deb,2022-10-01,Apple Watch,28921.86,489,USD
f4dacc70-44a0-49f8-a6c2-c3edcfcab46b,2022-11-01,iPhone,154808.91,1152,USD
088ad02a-7f80-46c4-89b2-f0a3d595dbf5,2022-11-01,MacBook,107313.69,279,USD
49655c30-36d5-496d-a275-7c73ed824d2e,2022-11-01,iPad,83380.94,445,USD
483f6abf-a63d-4e3d-8dcd-b8f32dcd5ac9,2022-11-01,AirPods,38089.31,906,USD
8585bcde-6d1a-4676-b0e1-7bf6dc9fa5d5,2022-11-01,Apple Watch,31797.43,540,USD
cee3c460-9ee4-4ffb-b11e-c55a904a97c3,2022-12-01,iPhone,142529.92,1087,USD
b5507182-3c99-4fce-b259-9b257044e77e,2022-12-01,MacBook,100440.50,258,USD
15703eb1-9378-4548-ac28-312ccb7a597c,2022-12-01,iPad,77568.67,418,USD
f2c55e12-b1a2-44e6-9360-4a6b76203f6e,2022-12-01,AirPods,35549.76,827,USD
ea38a4e0-98a3-41be-9958-a03be6f3e4d7,2022-12-01,Apple Watch,28411.28,483,USD
8396cbcb-95ad-41b7-94da-91df2e9bf1a6,2023-01-01,iPhone,128291.00,954,USD
aec86b6a-bd13-4810-b7d1-07dcb43d85b4,2023-01-01,MacBook,88257.75,224,USD
a5e06a13-5345-4077-89f9-9ca7db514312,2023-01-01,iPad,67395.85,361,USD
3f428672-d281-4961-9c87-cfe1a6a885f8,2023-01-01,AirPods,31930.98,754,USD
14907f85-f8cc-401b-9b16-5a7698083edd,2023-01-01,Apple Watch,25869.04,435,USD
bafa0135-6d4f-4c91-9bda-8fffcc3a6b26,2023-02-01,iPhone,134508.93,1001,USD
1ddbada8-9516-4013-8270-00c86930e3c9,2023-02-01,MacBook,91853.67,236,USD
93c60e83-ba55-43d4-ba93-2c59c744371f,2023-02-01,iPad,71407.43,377,USD
98853181-e431-4b3b-ab28-84f25eb17e6e,2023-02-01,AirPods,32310.31,749,USD
d1bcbed5-3f8d-4aea-819c-7a0bb959d26b,2023-02-01,Apple Watch,27491.94,467,USD
7a2c76ac-5955-4872-9d6c-57b496771870,2023-03-01,iPhone,133344.19,982,USD
c00e212d-f32b-4b31-8991-7067dc3759c1,2023-03-01,MacBook,93456.91,246,USD
1d923efb-6a98-4a5a-9ae1-655619142686,2023-03-01,iPad,73035.95,400,USD
4c5a1077-9a9c-4ff0-ade9-ee7103c3f4fc,2023-03-01,AirPods,33834.86,805,USD
62b56d70-0d87-4144-871f-42c163ad41f8,2023-03-01,Apple Watch,27537.68,467,USD
37158a82-4681-49d0-93d8-a5befae19bf4,2023-04-01,iPhone,139920.38,1055,USD
3acab30d-8564-420e-9254-205ef5f97f51,2023-04-01,MacBook,99697.80,263,USD
7f61499c-3e57-4d55-bf23-948dcdbb1405,2023-04-01,iPad,72631.33,384,USD
3bfb5605-a36a-47ef-9be1-e54675c14346,2023-04-01,AirPods,34713.30,806,USD
87f93de2-e67e-4ef6-b254-1a980af000fa,2023-04-01,Apple Watch,27878.70,463,USD
bca938b1-bc08-4eb8-8973-263197083bdf,2023-05-01,iPhone,140907.35,1051,USD
641c8091-adcf-4c77-9b41-c10b7a509edb,2023-05-01,MacBook,98355.74,253,USD
49cda075-ce17-4556-b5f2-518b0821818f,2023-05-01,iPad,75642.12,402,USD
3b2e80c7-d2ef-4056-8cb5-a6af0f92f82f,2023-05-01,AirPods,34056.35,779,USD
05f7a874-4db4-475b-b40a-395a149da37e,2023-05-01,Apple Watch,28980.65,485,USD
98fa9620-d63a-451a-9c23-2c9481f6987b,2023-06-01,iPhone,137133.04,1029,USD
14113492-3b41-45fe-82ac-c67ffb530a41,2023-06-01,MacBook,97201.17,254,USD
29162089-55eb-48ba-a028-d3bcee2cae5c,2023-06-01,iPad,72614.82,391,USD
68e3a1f4-201f-4b5c-98ca-bbdf2e707d3f,2023-06-01,AirPods,32854.96,764,USD
ca9dccec-fd22-4b13-bb99-f313b72e55cc,2023-06-01,Apple Watch,28868.93,487,USD
004b6e13-a562-456a-b036-d984cb86f990,2023-07-01,iPhone,135110.28,1018,USD
a58ab039-c114-4764-8f19-0cfcd3096e3a,2023-07-01,MacBook,96524.86,248,USD
27c335b9-8877-412b-a51b-5819e4d63c28,2023-07-01,iPad,75466.26,408,USD
9a56d701-c9fa-4e71-84b6-5da772046a4b,2023-07-01,AirPods,34551.22,811,USD
f82cdfd9-c61d-4a81-8039-8cfb8aa13521,2023-07-01,Apple Watch,27162.30,450,USD
2fa36b11-fb80-47bd-a009-e72a280f38a9,2023-08-01,iPhone,139392.02,1039,USD
2ae623ef-8ed9-437e-8f56-eb6664b80f6d,2023-08-01,MacBook,99685.05,262,USD
e2c4d978-4fac-4e0b-b906-a69dc2997381,2023-08-01,iPad,72497.42,385,USD
b7e38d24-847c-43ca-9a17-4c4a86c5a4a1,2023-08-01,AirPods,34716.13,801,USD
306d804e-a111-4292-b483-51656784017f,2023-08-01,Apple Watch,28837.08,482,USD
02a9a11c-1bcd-4a2f-9105-03988779e792,2023-09-01,iPhone,137449.11,1043,USD
a6d434e9-58bd-4002-94c7-2f5481db5336,2023-09-01,MacBook,99334.32,257,USD
783d11c3-ac85-476a-a553-b42f986fe399,2023-09-01,iPad,77162.09,416,USD
4646d986-9eaa-4783-93ab-3b8c2bd6aff9,2023-09-01,AirPods,34304.20,805,USD
1e38024e-2fe2-4188-adbe-f6beedab0bf0,2023-09-01,Apple Watch,28403.67,471,USD
7c8552b2-5933-43f2-9eee-29ce66f8aeb0,2023-10-01,iPhone,145095.45,1105,USD
dd19d1b4-03e3-4bc3-9649-1986832188dc,2023-10-01,MacBook,100231.67,259,USD
0acdd12b-0bf6-4ebf-856e-e7326a8c71de,2023-10-01,iPad,80647.68,427,USD
04ea3d08-a6ad-4288-8434-77bb26b60d49,2023-10-01,AirPods,36674.23,870,USD
afc1024d-5552-4b8f-8cc3-a560b00d9aff,2023-10-01,Apple Watch,30449.29,512,USD
98ed2a8d-6b18-4bc2-96a9-4dfcf2ae28bc,2023-11-01,iPhone,153670.11,1159,USD
d8e5ff35-10a9-411a-86e9-fbfc6ce0a82f,2023-11-01,MacBook,114108.35,291,USD
5569f7d6-bc54-4fd6-aa2d-49bf47f60bba,2023-11-01,iPad,85610.45,468,USD
562436bc-f5a7-4447-86ad-9399eabf1204,2023-11-01,AirPods,40852.00,952,USD
e3c45475-1536-4cd0-b106-ba6e6da606ee,2023-11-01,Apple Watch,33468.65,565,USD
5ed461f3-2c17-43c3-b75c-bcbae5a74959,2023-12-01,iPhone,144471.88,1092,USD
1ca2ea3d-bf6b-455b-9463-e0f86486735a,2023-12-01,MacBook,104673.96,273,USD
ae936ab0-d366-4f9a-85ec-b1e0b63fb4cc,2023-12-01,iPad,79488.14,435,USD
beb9fd26-4693-4a49-a434-1617993024bd,2023-12-01,AirPods,35694.20,819,USD
f303605a-8a90-49f7-aeb7-367f54f0ce6e,2023-12-01,Apple Watch,30222.07,504,USD
bd3e6d18-b5be-45b4-a771-07e525ba376d,2024-01-01,iPhone,133393.11,1018,USD
293f0e63-4009-4496-9d1e-ecc8c166aa1f,2024-01-01,MacBook,93284.10,245,USD
93ea1522-f095-4d8c-8b60-51e3adad445e,2024-01-01,iPad,72361.73,392,USD
7a7607fe-5f09-461c-b8a0-0a47bc91f045,2024-01-01,AirPods,33154.03,767,USD
7724cef2-1d54-4f4b-9500-d483d4fe2ad1,2024-01-01,Apple Watch,27961.35,469,USD
29b6d0bb-9c8c-4a71-a0e9-172cf5b51726,2024-02-01,iPhone,132475.76,1000,USD
05e22e37-ff03-4843-ae65-2fbd290463c0,2024-02-01,MacBook,99112.75,257,USD
7c99e0c5-8aec-45b6-8e65-fda5d0aec4b6,2024-02-01,iPad,76624.30,415,USD
95308ba9-45f1-4387-89de-4f0f0121e866,2024-02-01,AirPods,33472.53,789,USD
b74c9fd5-62f4-4a67-8032-09587d52a0d1,2024-02-01,Apple Watch,29121.06,495,USD
cf9aed76-677d-467a-93f6-d6e0260bd880,2024-03-01,iPhone,140727.55,1064,USD
6c190ebc-1773-412e-b0b3-2e10629e771a,2024-03-01,MacBook,103641.50,269,USD
894cdbf4-c092-4c55-9518-d8ba0c2716ab,2024-03-01,iPad,76850.91,409,USD
0a1e3157-9811-4dad-9fa5-2403509d791c,2024-03-01,AirPods,34225.79,786,USD
1724bcb6-e603-4b3a-b6e5-9107de3735b4,2024-03-01,Apple Watch,29547.39,498,USD
b6d7e596-8709-4381-a494-3fbeaa7f85e6,2024-04-01,iPhone,140134.08,1045,USD
7bfd4879-83a7-47b9-a566-228204b5832a,2024-04-01,MacBook,102897.96,268,USD
e75f1405-d110-4ef7-9281-0b343e8cf7f1,2024-04-01,iPad,79750.26,436,USD
f5ed939e-c422-47c1-aee4-9d44e427f7d9,2024-04-01,AirPods,35252.42,834,USD
a3848e67-f965-42bf-8e3c-cc1507b2c36b,2024-04-01,Apple Watch,29818.37,510,USD
78d3e520-4c56-40a8-9184-9e64c4f01c98,2024-05-01,iPhone,145701.50,1086,USD
c06318a4-1044-44d6-b01f-8410d6848aec,2024-05-01,MacBook,104638.75,269,USD
fd0cc6e2-f0cf-4f40-9ffb-7e8e1c058141,2024-05-01,iPad,80790.33,443,USD
2b85913b-4bca-40da-81d8-aeeb6f732fa9,2024-05-01,AirPods,36072.30,839,USD
0daa2c8f-bab8-462e-b0b3-1483210dda0c,2024-05-01,Apple Watch,30349.72,504,USD
12fdcc21-237d-41eb-8a09-a0aa693ca319,2024-06-01,iPhone,146040.60,1106,USD
c831660f-1247-41b8-bfa3-c30d88b8f917,2024-06-01,MacBook,99503.53,255,USD
28b9152e-76c4-4ad5-80e9-c62e59fb6cdb,2024-06-01,iPad,76059.80,407,USD
f4d90ab0-2caf-46a1-9e1f-7cd7c938fe74,2024-06-01,AirPods,36226.94,855,USD
ed374974-5c49-4217-8021-85eca7a48cca,2024-06-01,Apple Watch,30739.70,509,USD
a57cd7dc-3bd6-426a-b512-a16abe451af4,2024-07-01,iPhone,141769.99,1052,USD
58515b0a-f643-493b-82c7-69bca6244a01,2024-07-01,MacBook,99732.55,259,USD
b390c6a3-8de8-47aa-9f86-1b254e62f5a0,2024-07-01,iPad,76014.37,406,USD
f3617740-84de-4849-abe3-8ccfb5a656a6,2024-07-01,AirPods,35903.27,823,USD
597953a4-e1a1-4f00-b3f1-d840330e3bec,2024-07-01,Apple Watch,29336.64,497,USD
dea1ac24-f67f-4235-9c9b-b5dc3b03a108,2024-08-01,iPhone,141150.35,1057,USD
49a555d3-0954-4f93-a84e-214ac420e009,2024-08-01,MacBook,100730.35,258,USD
9aa1d409-feeb-497a-924a-9a514432e9d6,2024-08-01,iPad,77172.45,421,USD
ee6ecf2b-1f6c-44a5-9cdd-2e95d9988c56,2024-08-01,AirPods,35464.52,843,USD
4a09062a-5490-49fc-a779-694f8e3b686a,2024-08-01,Apple Watch,30594.46,512,USD
de6a81ec-c148-429c-b0e4-43cfc0750ab8,2024-09-01,iPhone,150962.33,1154,USD
cbacacec-db33-49b3-aab5-651e8387ec85,2024-09-01,MacBook,106599.10,280,USD
10e2bde1-1203-426d-9996-9fc0f9352c8c,2024-09-01,iPad,79364.00,422,USD
36d7f9a3-17f2-4987-be55-163c6918b7e3,2024-09-01,AirPods,38101.57,891,USD
dcde5627-8ce3-40e5-9adb-6da7673735e8,2024-09-01,Apple Watch,29945.37,509,USD
47084493-bdbd-4e5d-86ae-28a1ff3f3d49,2024-10-01,iPhone,153602.51,1131,USD
80519ef0-6bac-436c-ba71-48259d76998a,2024-10-01,MacBook,110073.37,290,USD
6c772b91-2955-4b60-b796-8ba9c1f92c0a,2024-10-01,iPad,80177.35,433,USD
11cfd04a-ab0a-41bb-888d-2900248ad34e,2024-10-01,AirPods,39700.72,923,USD
2ae5e6a0-a9f5-4a06-a5fb-8bc2b97ee268,2024-10-01,Apple Watch,31996.61,534,USD
97918e58-5ec2-46ed-912d-157bded4c832,2024-11-01,iPhone,168194.39,1280,USD
dde07d1b-1ff6-4762-b483-d6d146dfa718,2024-11-01,MacBook,118352.23,304,USD
a3225679-ac4b-4913-84bb-6017a1454d21,2024-11-01,iPad,87971.44,471,USD
02f50eb3-dc92-4fa6-b77c-3847eca6153a,2024-11-01,AirPods,40881.82,943,USD
1cbe63af-4d56-465e-bc1a-a0b140070f52,2024-11-01,Apple Watch,34324.48,572,USD
84acf844-64e5-4d1c-8c63-08bf39f59cb7,2024-12-01,iPhone,157192.60,1175,USD
bd132513-3643-47bb-83e6-8cf6342fc52e,2024-12-01,MacBook,107387.94,281,USD
c1d01b3f-f075-4603-994b-8b77d71dd030,2024-12-01,iPad,82936.36,442,USD
419fa058-3142-438a-87c8-e9c04642b71d,2024-12-01,AirPods,40226.72,921,USD
a715d485-d9f0-4b6b-83a0-c08124d46010,2024-12-01,Apple Watch,33214.87,548,USD
bade2c1e-c54a-4d3a-b820-512e268a560d,2025-01-01,iPhone,140532.04,1054,USD
5dbbf5b6-91af-4069-bd0e-368b8071ae67,2025-01-01,MacBook,98630.53,253,USD
a1cd73da-e459-4b22-a7c6-3d738563f927,2025-01-01,iPad,76154.05,408,USD
ca4ebd76-ec58-4009-bce9-5b13cbfb34de,2025-01-01,AirPods,35811.18,843,USD
caddba41-2652-4386-a805-e65d9f164373,2025-01-01,Apple Watch,28325.43,470,USD
ccdea7e2-3b09-487a-89ac-a6880ef37516,2025-02-01,iPhone,144658.32,1095,USD
24095765-49b2-408f-9e63-346641a05a7c,2025-02-01,MacBook,101230.43,267,USD
2dc99384-27f5-43f7-a245-59da1fbdd2ed,2025-02-01,iPad,81105.32,442,USD
c69bf589-c1a9-4a90-997a-58c73eeb2fb5,2025-02-01,AirPods,36237.32,842,USD
c48647d9-ab9f-457a-bccd-5c10f5787d3c,2025-02-01,Apple Watch,30985.02,529,USD
67f9c2c6-44b4-4528-80b0-7eb29274ccad,2025-03-01,iPhone,148101.08,1111,USD
a3db96ed-67a0-41e4-bcd7-e7c56eb25d8b,2025-03-01,MacBook,103458.14,264,USD
e020e7b9-3c8c-4ffc-8678-f6d5ba99e104,2025-03-01,iPad,81907.42,443,USD
55bcb1a5-9c8c-418a-877a-70f8ccb0035d,2025-03-01,AirPods,36809.79,857,USD
93d686b8-5d77-4d7b-a846-d6f6ec58ce7e,2025-03-01,Apple Watch,29984.92,510,USD
3bb59865-4799-4918-bad2-e0137d66c520,2025-04-01,iPhone,157336.24,1195,USD
f336f07c-1788-403c-b941-99c89739c77b,2025-04-01,MacBook,107285.72,273,USD
aa60333b-1ccc-42c3-9c13-6493f6f52ad9,2025-04-01,iPad,83898.95,461,USD
553223eb-751c-4a45-b0b4-28f435780fc2,2025-04-01,AirPods,38528.44,914,USD
4562afd6-4da2-458f-aee7-bd1557dec314,2025-04-01,Apple Watch,32282.78,547,USD
2c952acd-993d-4e7f-8064-779a90459dbc,2025-05-01,iPhone,150390.80,1115,USD
290e0e0e-ca2b-4cfa-9b0e-8aa92d9c0b8d,2025-05-01,MacBook,111754.52,285,USD
f7d6c611-8303-4577-9dbb-7c884bb6f882,2025-05-01,iPad,82183.22,437,USD
fc5b617b-e9f0-4355-8200-cc91d19a6579,2025-05-01,AirPods,38196.35,882,USD
18a557ca-1282-4ccd-9252-918c759d17dc,2025-05-01,Apple Watch,32279.22,546,USD
476e3dd2-a59f-4ca2-8360-3caa4a12f2d3,2025-06-01,iPhone,147086.49,1117,USD
89721a29-bade-4234-8263-7d03a7fbe81a,2025-06-01,MacBook,106057.93,276,USD
550c1558-2e2b-4f0e-96e6-fc520a468439,2025-06-01,iPad,82129.85,450,USD
5634839c-e5d4-4bc0-802b-245114f9e89b,2025-06-01,AirPods,38997.13,915,USD
95136d6f-43d0-4713-8a21-b653724ecab1,2025-06-01,Apple Watch,30751.68,515,USD
e1ed8e87-bf66-46b6-906c-52744caea4ca,2025-07-01,iPhone,152522.92,1134,USD
01d48eb3-a37f-45f5-8889-ecb0e536b62e,2025-07-01,MacBook,103468.55,270,USD
b0bb21f7-765d-45ac-b5a8-03db755b24bd,2025-07-01,iPad,78505.45,421,USD
48ec2818-2039-41eb-8faa-9b28446ca1f5,2025-07-01,AirPods,37028.92,867,USD
9164054d-23db-4637-889a-2361768b4bc8,2025-07-01,Apple Watch,31132.19,526,USD
748e63be-e3da-4469-9037-1597579c4f32,2025-08-01,iPhone,150729.81,1109,USD
3362712f-f2f0-4f00-abdd-fef134edd095,2025-08-01,MacBook,106556.48,272,USD
306b8c5d-91de-4dfb-9c3e-b278b99dbb0c,2025-08-01,iPad,79771.75,431,USD
9efeef0a-dedf-4d5b-ba8e-f25aca5c5248,2025-08-01,AirPods,37016.25,875,USD
7ca99a98-5f13-4613-a487-c29f7eb3fc31,2025-08-01,Apple Watch,32241.95,546,USD
2a6b139b-8e8f-4c04-8ca1-1064e79124f2,2025-09-01,iPhone,153027.66,1142,USD
6c9358a0-a861-464b-92a2-75b450b6971f,2025-09-01,MacBook,108106.59,283,USD
a3d0da01-2022-4623-9feb-e5e1f4f355a3,2025-09-01,iPad,86400.26,464,USD
dc95db32-d140-4564-830e-08f53b26059a,2025-09-01,AirPods,38324.97,899,USD
2b921672-bab7-4c3c-ab57-e40627d87b33,2025-09-01,Apple Watch,32461.41,542,USD
89f7cd00-cfe7-4eb3-b7e0-393675dcecd8,2025-10-01,iPhone,160852.34,1223,USD
ea010c29-fb4e-4cd5-8f0a-918399f3a61a,2025-10-01,MacBook,117508.90,310,USD
d790aeaa-cd2c-40ec-8b04-7b201e3e0dc3,2025-10-01,iPad,89953.72,493,USD
25572bd3-8c2e-4553-a171-0ef2970eff14,2025-10-01,AirPods,39944.87,926,USD
e999b989-ad11-48d0-b5c9-1b32cea9cb74,2025-10-01,Apple Watch,33767.45,569,USD
2f84c47c-541b-48a9-a986-0d99d0580a66,2025-11-01,iPhone,179670.39,1358,USD
9bd7b005-239a-4395-946e-23316315c9c3,2025-11-01,MacBook,126366.74,323,USD
0d286024-63ad-4421-83ee-3f76c60f568c,2025-11-01,iPad,91559.58,502,USD
208f8ba7-7cd8-47da-8f68-7d6e9728dd13,2025-11-01,AirPods,42292.01,997,USD
e0cee7fb-0b6c-4c70-8b6b-08f281078d68,2025-11-01,Apple Watch,36309.06,605,USD
5500d1db-0558-40c1-afed-549f83ccf770,2025-12-01,iPhone,166706.40,1264,USD
005bec23-38a6-4214-a0a7-13b7cb9ad0c1,2025-12-01,MacBook,118992.92,311,USD
0d06aae2-ef94-48d4-97a5-bef1c4510ce5,2025-12-01,iPad,88740.17,485,USD
563c072f-13f4-4eea-835b-1eef9cb8e377,2025-12-01,AirPods,40511.41,940,USD
b4eea09e-c3af-43fe-b4ec-c8dc5f32c1a2,2025-12-01,Apple Watch,34184.02,570,USD
512cf53a-2cba-495c-bfc3-45511b82b9ba,2026-01-01,iPhone,147619.65,1126,USD
7b83cb26-2010-44cd-8cfe-306f8fdde22c,2026-01-01,MacBook,102187.89,262,USD
02efbff6-b94d-4597-ab29-afadf6f685e6,2026-01-01,iPad,76717.31,421,USD
91366c85-423e-446a-b435-554aab06d42a,2026-01-01,AirPods,35651.95,817,USD
bc5aee0d-f82d-4dab-ac36-4b8880e5844d,2026-01-01,Apple Watch,30233.85,506,USD